filter6	FBgn0005630_25	0	1.33698e-05	0.00878399	0.0173673	15	CGAATGACGCCGAAT	AAAGGGCCGCCCAAA	-	
