filter5	FBgn0000210_10	1	3.20041e-05	0.0210267	0.0418787	14	AAATCCACGTAGTCA	AAAAAATCAATAGTT	-	
filter6	FBgn0005630_25	0	3.54748e-05	0.0233069	0.0460263	15	AGAATGCCGCCGAAT	AAAGGGCCGCCCAAA	-	
